[
    {
        "model": "greenzone.contact",
        "pk": 2,
        "fields": {
            "user_form": 1,
            "user_to": 13,
            "created": "2023-09-22T11:00:03.008Z"
        }
    },
    {
        "model": "greenzone.contact",
        "pk": 3,
        "fields": {
            "user_form": 1,
            "user_to": 1,
            "created": "2023-09-22T11:00:05.962Z"
        }
    },
    {
        "model": "greenzone.contact",
        "pk": 12,
        "fields": {
            "user_form": 1,
            "user_to": 14,
            "created": "2023-09-23T13:05:42.275Z"
        }
    },
    {
        "model": "greenzone.contact",
        "pk": 13,
        "fields": {
            "user_form": 2,
            "user_to": 1,
            "created": "2023-09-23T13:06:19.741Z"
        }
    },
    {
        "model": "greenzone.contact",
        "pk": 14,
        "fields": {
            "user_form": 2,
            "user_to": 2,
            "created": "2023-09-23T13:06:23.255Z"
        }
    },
    {
        "model": "greenzone.contact",
        "pk": 15,
        "fields": {
            "user_form": 2,
            "user_to": 13,
            "created": "2023-09-23T13:06:25.670Z"
        }
    },
    {
        "model": "greenzone.contact",
        "pk": 16,
        "fields": {
            "user_form": 2,
            "user_to": 14,
            "created": "2023-09-23T13:06:28.530Z"
        }
    },
    {
        "model": "greenzone.contact",
        "pk": 23,
        "fields": {
            "user_form": 1,
            "user_to": 2,
            "created": "2023-09-23T13:11:10.973Z"
        }
    },
    {
        "model": "greenzone.profile",
        "pk": 1,
        "fields": {
            "user": 1,
            "date_of_birth": "2023-08-17",
            "photo": "users/2023/09/22/output.png"
        }
    },
    {
        "model": "greenzone.profile",
        "pk": 2,
        "fields": {
            "user": 2,
            "date_of_birth": "2023-09-20",
            "photo": "users/2023/09/20/Untitled.jpeg"
        }
    },
    {
        "model": "greenzone.profile",
        "pk": 4,
        "fields": {
            "user": 13,
            "date_of_birth": null,
            "photo": "users/2023/09/22/a.png"
        }
    },
    {
        "model": "greenzone.profile",
        "pk": 5,
        "fields": {
            "user": 14,
            "date_of_birth": null,
            "photo": ""
        }
    },
    {
        "model": "admin.logentry",
        "pk": 1,
        "fields": {
            "action_time": "2023-08-08T16:05:33.547Z",
            "user": 1,
            "content_type": 4,
            "object_id": "2",
            "object_repr": "bambik",
            "action_flag": 1,
            "change_message": "[{\"added\": {}}]"
        }
    },
    {
        "model": "admin.logentry",
        "pk": 2,
        "fields": {
            "action_time": "2023-08-08T16:05:55.483Z",
            "user": 1,
            "content_type": 4,
            "object_id": "2",
            "object_repr": "bambik",
            "action_flag": 2,
            "change_message": "[]"
        }
    },
    {
        "model": "admin.logentry",
        "pk": 6,
        "fields": {
            "action_time": "2023-08-25T11:39:28.838Z",
            "user": 1,
            "content_type": 4,
            "object_id": "6",
            "object_repr": "fdgsfg",
            "action_flag": 3,
            "change_message": ""
        }
    },
    {
        "model": "admin.logentry",
        "pk": 8,
        "fields": {
            "action_time": "2023-08-25T11:43:07.339Z",
            "user": 1,
            "content_type": 4,
            "object_id": "9",
            "object_repr": "zzzz",
            "action_flag": 3,
            "change_message": ""
        }
    },
    {
        "model": "admin.logentry",
        "pk": 9,
        "fields": {
            "action_time": "2023-09-11T14:34:05.455Z",
            "user": 1,
            "content_type": 13,
            "object_id": "1",
            "object_repr": "Banana gun",
            "action_flag": 1,
            "change_message": "[{\"added\": {}}]"
        }
    },
    {
        "model": "admin.logentry",
        "pk": 10,
        "fields": {
            "action_time": "2023-09-11T15:09:12.839Z",
            "user": 1,
            "content_type": 13,
            "object_id": "1",
            "object_repr": "Banana gun",
            "action_flag": 2,
            "change_message": "[{\"changed\": {\"fields\": [\"Url\"]}}]"
        }
    },
    {
        "model": "admin.logentry",
        "pk": 11,
        "fields": {
            "action_time": "2023-09-11T15:09:26.006Z",
            "user": 1,
            "content_type": 13,
            "object_id": "1",
            "object_repr": "Banana gun",
            "action_flag": 2,
            "change_message": "[{\"changed\": {\"fields\": [\"Url\"]}}]"
        }
    },
    {
        "model": "admin.logentry",
        "pk": 12,
        "fields": {
            "action_time": "2023-09-11T15:09:34.786Z",
            "user": 1,
            "content_type": 13,
            "object_id": "1",
            "object_repr": "Banana gun",
            "action_flag": 3,
            "change_message": ""
        }
    },
    {
        "model": "admin.logentry",
        "pk": 13,
        "fields": {
            "action_time": "2023-09-11T15:10:12.294Z",
            "user": 1,
            "content_type": 13,
            "object_id": "2",
            "object_repr": "Banana gun",
            "action_flag": 1,
            "change_message": "[{\"added\": {}}]"
        }
    },
    {
        "model": "admin.logentry",
        "pk": 14,
        "fields": {
            "action_time": "2023-09-11T15:11:51.939Z",
            "user": 1,
            "content_type": 13,
            "object_id": "2",
            "object_repr": "Banana gun",
            "action_flag": 2,
            "change_message": "[]"
        }
    },
    {
        "model": "admin.logentry",
        "pk": 15,
        "fields": {
            "action_time": "2023-09-11T15:12:14.919Z",
            "user": 1,
            "content_type": 13,
            "object_id": "2",
            "object_repr": "Banana gun",
            "action_flag": 2,
            "change_message": "[{\"changed\": {\"fields\": [\"Image\"]}}]"
        }
    },
    {
        "model": "admin.logentry",
        "pk": 16,
        "fields": {
            "action_time": "2023-09-11T15:12:49.497Z",
            "user": 1,
            "content_type": 13,
            "object_id": "2",
            "object_repr": "Banana gun",
            "action_flag": 3,
            "change_message": ""
        }
    },
    {
        "model": "admin.logentry",
        "pk": 17,
        "fields": {
            "action_time": "2023-09-11T15:13:25.130Z",
            "user": 1,
            "content_type": 13,
            "object_id": "3",
            "object_repr": "Banana gun",
            "action_flag": 1,
            "change_message": "[{\"added\": {}}]"
        }
    },
    {
        "model": "admin.logentry",
        "pk": 18,
        "fields": {
            "action_time": "2023-09-20T14:35:02.206Z",
            "user": 1,
            "content_type": 7,
            "object_id": "2",
            "object_repr": "User profile bambik.",
            "action_flag": 1,
            "change_message": "[{\"added\": {}}]"
        }
    },
    {
        "model": "admin.logentry",
        "pk": 19,
        "fields": {
            "action_time": "2023-09-20T14:35:49.310Z",
            "user": 1,
            "content_type": 4,
            "object_id": "2",
            "object_repr": "bambik",
            "action_flag": 2,
            "change_message": "[{\"changed\": {\"fields\": [\"password\"]}}]"
        }
    },
    {
        "model": "admin.logentry",
        "pk": 20,
        "fields": {
            "action_time": "2023-09-20T19:57:53.865Z",
            "user": 1,
            "content_type": 4,
            "object_id": "12",
            "object_repr": "bambi",
            "action_flag": 3,
            "change_message": ""
        }
    },
    {
        "model": "admin.logentry",
        "pk": 21,
        "fields": {
            "action_time": "2023-09-22T10:38:39.745Z",
            "user": 1,
            "content_type": 4,
            "object_id": "8",
            "object_repr": "fgtsd",
            "action_flag": 3,
            "change_message": ""
        }
    },
    {
        "model": "admin.logentry",
        "pk": 22,
        "fields": {
            "action_time": "2023-09-22T10:38:45.212Z",
            "user": 1,
            "content_type": 4,
            "object_id": "7",
            "object_repr": "sasad",
            "action_flag": 3,
            "change_message": ""
        }
    },
    {
        "model": "admin.logentry",
        "pk": 23,
        "fields": {
            "action_time": "2023-09-22T10:38:50.708Z",
            "user": 1,
            "content_type": 4,
            "object_id": "11",
            "object_repr": "saas",
            "action_flag": 3,
            "change_message": ""
        }
    },
    {
        "model": "admin.logentry",
        "pk": 24,
        "fields": {
            "action_time": "2023-09-22T10:38:54.917Z",
            "user": 1,
            "content_type": 4,
            "object_id": "10",
            "object_repr": "saa",
            "action_flag": 3,
            "change_message": ""
        }
    },
    {
        "model": "admin.logentry",
        "pk": 28,
        "fields": {
            "action_time": "2023-09-22T10:40:33.533Z",
            "user": 1,
            "content_type": 7,
            "object_id": "4",
            "object_repr": "User profile bambi.",
            "action_flag": 2,
            "change_message": "[{\"changed\": {\"fields\": [\"Photo\"]}}]"
        }
    },
    {
        "model": "admin.logentry",
        "pk": 29,
        "fields": {
            "action_time": "2023-09-26T15:16:06.328Z",
            "user": 1,
            "content_type": 6,
            "object_id": "1",
            "object_repr": "monkey",
            "action_flag": 2,
            "change_message": "[{\"changed\": {\"fields\": [\"Username\"]}}]"
        }
    },
    {
        "model": "admin.logentry",
        "pk": 30,
        "fields": {
            "action_time": "2023-09-26T15:17:10.430Z",
            "user": 1,
            "content_type": 6,
            "object_id": "1",
            "object_repr": "monkey",
            "action_flag": 2,
            "change_message": "[{\"changed\": {\"fields\": [\"password\"]}}]"
        }
    },
    {
        "model": "auth.permission",
        "pk": 1,
        "fields": {
            "name": "Can add log entry",
            "content_type": 1,
            "codename": "add_logentry"
        }
    },
    {
        "model": "auth.permission",
        "pk": 2,
        "fields": {
            "name": "Can change log entry",
            "content_type": 1,
            "codename": "change_logentry"
        }
    },
    {
        "model": "auth.permission",
        "pk": 3,
        "fields": {
            "name": "Can delete log entry",
            "content_type": 1,
            "codename": "delete_logentry"
        }
    },
    {
        "model": "auth.permission",
        "pk": 4,
        "fields": {
            "name": "Can view log entry",
            "content_type": 1,
            "codename": "view_logentry"
        }
    },
    {
        "model": "auth.permission",
        "pk": 5,
        "fields": {
            "name": "Can add permission",
            "content_type": 2,
            "codename": "add_permission"
        }
    },
    {
        "model": "auth.permission",
        "pk": 6,
        "fields": {
            "name": "Can change permission",
            "content_type": 2,
            "codename": "change_permission"
        }
    },
    {
        "model": "auth.permission",
        "pk": 7,
        "fields": {
            "name": "Can delete permission",
            "content_type": 2,
            "codename": "delete_permission"
        }
    },
    {
        "model": "auth.permission",
        "pk": 8,
        "fields": {
            "name": "Can view permission",
            "content_type": 2,
            "codename": "view_permission"
        }
    },
    {
        "model": "auth.permission",
        "pk": 9,
        "fields": {
            "name": "Can add group",
            "content_type": 3,
            "codename": "add_group"
        }
    },
    {
        "model": "auth.permission",
        "pk": 10,
        "fields": {
            "name": "Can change group",
            "content_type": 3,
            "codename": "change_group"
        }
    },
    {
        "model": "auth.permission",
        "pk": 11,
        "fields": {
            "name": "Can delete group",
            "content_type": 3,
            "codename": "delete_group"
        }
    },
    {
        "model": "auth.permission",
        "pk": 12,
        "fields": {
            "name": "Can view group",
            "content_type": 3,
            "codename": "view_group"
        }
    },
    {
        "model": "auth.permission",
        "pk": 13,
        "fields": {
            "name": "Can add user",
            "content_type": 4,
            "codename": "add_user"
        }
    },
    {
        "model": "auth.permission",
        "pk": 14,
        "fields": {
            "name": "Can change user",
            "content_type": 4,
            "codename": "change_user"
        }
    },
    {
        "model": "auth.permission",
        "pk": 15,
        "fields": {
            "name": "Can delete user",
            "content_type": 4,
            "codename": "delete_user"
        }
    },
    {
        "model": "auth.permission",
        "pk": 16,
        "fields": {
            "name": "Can view user",
            "content_type": 4,
            "codename": "view_user"
        }
    },
    {
        "model": "auth.permission",
        "pk": 17,
        "fields": {
            "name": "Can add content type",
            "content_type": 5,
            "codename": "add_contenttype"
        }
    },
    {
        "model": "auth.permission",
        "pk": 18,
        "fields": {
            "name": "Can change content type",
            "content_type": 5,
            "codename": "change_contenttype"
        }
    },
    {
        "model": "auth.permission",
        "pk": 19,
        "fields": {
            "name": "Can delete content type",
            "content_type": 5,
            "codename": "delete_contenttype"
        }
    },
    {
        "model": "auth.permission",
        "pk": 20,
        "fields": {
            "name": "Can view content type",
            "content_type": 5,
            "codename": "view_contenttype"
        }
    },
    {
        "model": "auth.permission",
        "pk": 21,
        "fields": {
            "name": "Can add session",
            "content_type": 6,
            "codename": "add_session"
        }
    },
    {
        "model": "auth.permission",
        "pk": 22,
        "fields": {
            "name": "Can change session",
            "content_type": 6,
            "codename": "change_session"
        }
    },
    {
        "model": "auth.permission",
        "pk": 23,
        "fields": {
            "name": "Can delete session",
            "content_type": 6,
            "codename": "delete_session"
        }
    },
    {
        "model": "auth.permission",
        "pk": 24,
        "fields": {
            "name": "Can view session",
            "content_type": 6,
            "codename": "view_session"
        }
    },
    {
        "model": "auth.permission",
        "pk": 25,
        "fields": {
            "name": "Can add profile",
            "content_type": 7,
            "codename": "add_profile"
        }
    },
    {
        "model": "auth.permission",
        "pk": 26,
        "fields": {
            "name": "Can change profile",
            "content_type": 7,
            "codename": "change_profile"
        }
    },
    {
        "model": "auth.permission",
        "pk": 27,
        "fields": {
            "name": "Can delete profile",
            "content_type": 7,
            "codename": "delete_profile"
        }
    },
    {
        "model": "auth.permission",
        "pk": 28,
        "fields": {
            "name": "Can view profile",
            "content_type": 7,
            "codename": "view_profile"
        }
    },
    {
        "model": "auth.permission",
        "pk": 29,
        "fields": {
            "name": "Can add association",
            "content_type": 8,
            "codename": "add_association"
        }
    },
    {
        "model": "auth.permission",
        "pk": 30,
        "fields": {
            "name": "Can change association",
            "content_type": 8,
            "codename": "change_association"
        }
    },
    {
        "model": "auth.permission",
        "pk": 31,
        "fields": {
            "name": "Can delete association",
            "content_type": 8,
            "codename": "delete_association"
        }
    },
    {
        "model": "auth.permission",
        "pk": 32,
        "fields": {
            "name": "Can view association",
            "content_type": 8,
            "codename": "view_association"
        }
    },
    {
        "model": "auth.permission",
        "pk": 33,
        "fields": {
            "name": "Can add code",
            "content_type": 9,
            "codename": "add_code"
        }
    },
    {
        "model": "auth.permission",
        "pk": 34,
        "fields": {
            "name": "Can change code",
            "content_type": 9,
            "codename": "change_code"
        }
    },
    {
        "model": "auth.permission",
        "pk": 35,
        "fields": {
            "name": "Can delete code",
            "content_type": 9,
            "codename": "delete_code"
        }
    },
    {
        "model": "auth.permission",
        "pk": 36,
        "fields": {
            "name": "Can view code",
            "content_type": 9,
            "codename": "view_code"
        }
    },
    {
        "model": "auth.permission",
        "pk": 37,
        "fields": {
            "name": "Can add nonce",
            "content_type": 10,
            "codename": "add_nonce"
        }
    },
    {
        "model": "auth.permission",
        "pk": 38,
        "fields": {
            "name": "Can change nonce",
            "content_type": 10,
            "codename": "change_nonce"
        }
    },
    {
        "model": "auth.permission",
        "pk": 39,
        "fields": {
            "name": "Can delete nonce",
            "content_type": 10,
            "codename": "delete_nonce"
        }
    },
    {
        "model": "auth.permission",
        "pk": 40,
        "fields": {
            "name": "Can view nonce",
            "content_type": 10,
            "codename": "view_nonce"
        }
    },
    {
        "model": "auth.permission",
        "pk": 41,
        "fields": {
            "name": "Can add user social auth",
            "content_type": 11,
            "codename": "add_usersocialauth"
        }
    },
    {
        "model": "auth.permission",
        "pk": 42,
        "fields": {
            "name": "Can change user social auth",
            "content_type": 11,
            "codename": "change_usersocialauth"
        }
    },
    {
        "model": "auth.permission",
        "pk": 43,
        "fields": {
            "name": "Can delete user social auth",
            "content_type": 11,
            "codename": "delete_usersocialauth"
        }
    },
    {
        "model": "auth.permission",
        "pk": 44,
        "fields": {
            "name": "Can view user social auth",
            "content_type": 11,
            "codename": "view_usersocialauth"
        }
    },
    {
        "model": "auth.permission",
        "pk": 45,
        "fields": {
            "name": "Can add partial",
            "content_type": 12,
            "codename": "add_partial"
        }
    },
    {
        "model": "auth.permission",
        "pk": 46,
        "fields": {
            "name": "Can change partial",
            "content_type": 12,
            "codename": "change_partial"
        }
    },
    {
        "model": "auth.permission",
        "pk": 47,
        "fields": {
            "name": "Can delete partial",
            "content_type": 12,
            "codename": "delete_partial"
        }
    },
    {
        "model": "auth.permission",
        "pk": 48,
        "fields": {
            "name": "Can view partial",
            "content_type": 12,
            "codename": "view_partial"
        }
    },
    {
        "model": "auth.permission",
        "pk": 49,
        "fields": {
            "name": "Can add image",
            "content_type": 13,
            "codename": "add_image"
        }
    },
    {
        "model": "auth.permission",
        "pk": 50,
        "fields": {
            "name": "Can change image",
            "content_type": 13,
            "codename": "change_image"
        }
    },
    {
        "model": "auth.permission",
        "pk": 51,
        "fields": {
            "name": "Can delete image",
            "content_type": 13,
            "codename": "delete_image"
        }
    },
    {
        "model": "auth.permission",
        "pk": 52,
        "fields": {
            "name": "Can view image",
            "content_type": 13,
            "codename": "view_image"
        }
    },
    {
        "model": "auth.permission",
        "pk": 53,
        "fields": {
            "name": "Can add source",
            "content_type": 14,
            "codename": "add_source"
        }
    },
    {
        "model": "auth.permission",
        "pk": 54,
        "fields": {
            "name": "Can change source",
            "content_type": 14,
            "codename": "change_source"
        }
    },
    {
        "model": "auth.permission",
        "pk": 55,
        "fields": {
            "name": "Can delete source",
            "content_type": 14,
            "codename": "delete_source"
        }
    },
    {
        "model": "auth.permission",
        "pk": 56,
        "fields": {
            "name": "Can view source",
            "content_type": 14,
            "codename": "view_source"
        }
    },
    {
        "model": "auth.permission",
        "pk": 57,
        "fields": {
            "name": "Can add thumbnail",
            "content_type": 15,
            "codename": "add_thumbnail"
        }
    },
    {
        "model": "auth.permission",
        "pk": 58,
        "fields": {
            "name": "Can change thumbnail",
            "content_type": 15,
            "codename": "change_thumbnail"
        }
    },
    {
        "model": "auth.permission",
        "pk": 59,
        "fields": {
            "name": "Can delete thumbnail",
            "content_type": 15,
            "codename": "delete_thumbnail"
        }
    },
    {
        "model": "auth.permission",
        "pk": 60,
        "fields": {
            "name": "Can view thumbnail",
            "content_type": 15,
            "codename": "view_thumbnail"
        }
    },
    {
        "model": "auth.permission",
        "pk": 61,
        "fields": {
            "name": "Can add thumbnail dimensions",
            "content_type": 16,
            "codename": "add_thumbnaildimensions"
        }
    },
    {
        "model": "auth.permission",
        "pk": 62,
        "fields": {
            "name": "Can change thumbnail dimensions",
            "content_type": 16,
            "codename": "change_thumbnaildimensions"
        }
    },
    {
        "model": "auth.permission",
        "pk": 63,
        "fields": {
            "name": "Can delete thumbnail dimensions",
            "content_type": 16,
            "codename": "delete_thumbnaildimensions"
        }
    },
    {
        "model": "auth.permission",
        "pk": 64,
        "fields": {
            "name": "Can view thumbnail dimensions",
            "content_type": 16,
            "codename": "view_thumbnaildimensions"
        }
    },
    {
        "model": "auth.permission",
        "pk": 69,
        "fields": {
            "name": "Can add action",
            "content_type": 18,
            "codename": "add_action"
        }
    },
    {
        "model": "auth.permission",
        "pk": 70,
        "fields": {
            "name": "Can change action",
            "content_type": 18,
            "codename": "change_action"
        }
    },
    {
        "model": "auth.permission",
        "pk": 71,
        "fields": {
            "name": "Can delete action",
            "content_type": 18,
            "codename": "delete_action"
        }
    },
    {
        "model": "auth.permission",
        "pk": 72,
        "fields": {
            "name": "Can view action",
            "content_type": 18,
            "codename": "view_action"
        }
    },
    {
        "model": "auth.permission",
        "pk": 73,
        "fields": {
            "name": "Can add profile",
            "content_type": 1,
            "codename": "add_profile"
        }
    },
    {
        "model": "auth.permission",
        "pk": 74,
        "fields": {
            "name": "Can change profile",
            "content_type": 1,
            "codename": "change_profile"
        }
    },
    {
        "model": "auth.permission",
        "pk": 75,
        "fields": {
            "name": "Can delete profile",
            "content_type": 1,
            "codename": "delete_profile"
        }
    },
    {
        "model": "auth.permission",
        "pk": 76,
        "fields": {
            "name": "Can view profile",
            "content_type": 1,
            "codename": "view_profile"
        }
    },
    {
        "model": "auth.permission",
        "pk": 77,
        "fields": {
            "name": "Can add contact",
            "content_type": 2,
            "codename": "add_contact"
        }
    },
    {
        "model": "auth.permission",
        "pk": 78,
        "fields": {
            "name": "Can change contact",
            "content_type": 2,
            "codename": "change_contact"
        }
    },
    {
        "model": "auth.permission",
        "pk": 79,
        "fields": {
            "name": "Can delete contact",
            "content_type": 2,
            "codename": "delete_contact"
        }
    },
    {
        "model": "auth.permission",
        "pk": 80,
        "fields": {
            "name": "Can view contact",
            "content_type": 2,
            "codename": "view_contact"
        }
    },
    {
        "model": "auth.permission",
        "pk": 81,
        "fields": {
            "name": "Can add log entry",
            "content_type": 3,
            "codename": "add_logentry"
        }
    },
    {
        "model": "auth.permission",
        "pk": 82,
        "fields": {
            "name": "Can change log entry",
            "content_type": 3,
            "codename": "change_logentry"
        }
    },
    {
        "model": "auth.permission",
        "pk": 83,
        "fields": {
            "name": "Can delete log entry",
            "content_type": 3,
            "codename": "delete_logentry"
        }
    },
    {
        "model": "auth.permission",
        "pk": 84,
        "fields": {
            "name": "Can view log entry",
            "content_type": 3,
            "codename": "view_logentry"
        }
    },
    {
        "model": "auth.permission",
        "pk": 85,
        "fields": {
            "name": "Can add permission",
            "content_type": 4,
            "codename": "add_permission"
        }
    },
    {
        "model": "auth.permission",
        "pk": 86,
        "fields": {
            "name": "Can change permission",
            "content_type": 4,
            "codename": "change_permission"
        }
    },
    {
        "model": "auth.permission",
        "pk": 87,
        "fields": {
            "name": "Can delete permission",
            "content_type": 4,
            "codename": "delete_permission"
        }
    },
    {
        "model": "auth.permission",
        "pk": 88,
        "fields": {
            "name": "Can view permission",
            "content_type": 4,
            "codename": "view_permission"
        }
    },
    {
        "model": "auth.permission",
        "pk": 89,
        "fields": {
            "name": "Can add group",
            "content_type": 5,
            "codename": "add_group"
        }
    },
    {
        "model": "auth.permission",
        "pk": 90,
        "fields": {
            "name": "Can change group",
            "content_type": 5,
            "codename": "change_group"
        }
    },
    {
        "model": "auth.permission",
        "pk": 91,
        "fields": {
            "name": "Can delete group",
            "content_type": 5,
            "codename": "delete_group"
        }
    },
    {
        "model": "auth.permission",
        "pk": 92,
        "fields": {
            "name": "Can view group",
            "content_type": 5,
            "codename": "view_group"
        }
    },
    {
        "model": "auth.permission",
        "pk": 93,
        "fields": {
            "name": "Can add user",
            "content_type": 6,
            "codename": "add_user"
        }
    },
    {
        "model": "auth.permission",
        "pk": 94,
        "fields": {
            "name": "Can change user",
            "content_type": 6,
            "codename": "change_user"
        }
    },
    {
        "model": "auth.permission",
        "pk": 95,
        "fields": {
            "name": "Can delete user",
            "content_type": 6,
            "codename": "delete_user"
        }
    },
    {
        "model": "auth.permission",
        "pk": 96,
        "fields": {
            "name": "Can view user",
            "content_type": 6,
            "codename": "view_user"
        }
    },
    {
        "model": "auth.permission",
        "pk": 97,
        "fields": {
            "name": "Can add content type",
            "content_type": 7,
            "codename": "add_contenttype"
        }
    },
    {
        "model": "auth.permission",
        "pk": 98,
        "fields": {
            "name": "Can change content type",
            "content_type": 7,
            "codename": "change_contenttype"
        }
    },
    {
        "model": "auth.permission",
        "pk": 99,
        "fields": {
            "name": "Can delete content type",
            "content_type": 7,
            "codename": "delete_contenttype"
        }
    },
    {
        "model": "auth.permission",
        "pk": 100,
        "fields": {
            "name": "Can view content type",
            "content_type": 7,
            "codename": "view_contenttype"
        }
    },
    {
        "model": "auth.permission",
        "pk": 101,
        "fields": {
            "name": "Can add session",
            "content_type": 19,
            "codename": "add_session"
        }
    },
    {
        "model": "auth.permission",
        "pk": 102,
        "fields": {
            "name": "Can change session",
            "content_type": 19,
            "codename": "change_session"
        }
    },
    {
        "model": "auth.permission",
        "pk": 103,
        "fields": {
            "name": "Can delete session",
            "content_type": 19,
            "codename": "delete_session"
        }
    },
    {
        "model": "auth.permission",
        "pk": 104,
        "fields": {
            "name": "Can view session",
            "content_type": 19,
            "codename": "view_session"
        }
    },
    {
        "model": "auth.user",
        "pk": 1,
        "fields": {
            "password": "pbkdf2_sha256$600000$7gBEjzrpbtCgLOksvXKJyv$R4GCxMNrtgYYG6NCHLWFQtOP7SrgriDREWOygSTY5Fw=",
            "last_login": "2023-09-26T15:15:45Z",
            "is_superuser": true,
            "username": "monkey",
            "first_name": "k",
            "last_name": "j",
            "email": "s@wp.pl",
            "is_staff": true,
            "is_active": true,
            "date_joined": "2023-08-08T15:57:15Z",
            "groups": [],
            "user_permissions": []
        }
    },
    {
        "model": "auth.user",
        "pk": 2,
        "fields": {
            "password": "pbkdf2_sha256$600000$IuFqYeMBgkqaiqaqfuekzn$w6UbXsMnjTIBvOVvXW3/FQ4TDDxYoRGCsvSxyy4Fq64=",
            "last_login": "2023-09-23T13:06:00.206Z",
            "is_superuser": false,
            "username": "bambik",
            "first_name": "",
            "last_name": "",
            "email": "",
            "is_staff": false,
            "is_active": true,
            "date_joined": "2023-08-08T16:05:33Z",
            "groups": [],
            "user_permissions": []
        }
    },
    {
        "model": "auth.user",
        "pk": 13,
        "fields": {
            "password": "pbkdf2_sha256$600000$f3A93GBuN93HqFujVAzFgF$S9tIt0abpdP8XMs09Vgpqjn3cZ5nZqPKy76UjM6mgTg=",
            "last_login": null,
            "is_superuser": false,
            "username": "bambi",
            "first_name": "za",
            "last_name": "",
            "email": "",
            "is_staff": false,
            "is_active": true,
            "date_joined": "2023-09-20T19:59:17.826Z",
            "groups": [],
            "user_permissions": []
        }
    },
    {
        "model": "auth.user",
        "pk": 14,
        "fields": {
            "password": "pbkdf2_sha256$600000$eYJRqo5NhNsN4BrJrGc6GO$zIuBuzg/pML+OnsE7o8/qqOABsbMzq1ySFa6BoOHxJA=",
            "last_login": null,
            "is_superuser": false,
            "username": "hasdhas",
            "first_name": "dsafasd",
            "last_name": "",
            "email": "",
            "is_staff": false,
            "is_active": true,
            "date_joined": "2023-09-20T20:06:44.315Z",
            "groups": [],
            "user_permissions": []
        }
    },
    {
        "model": "contenttypes.contenttype",
        "pk": 1,
        "fields": {
            "app_label": "greenzone",
            "model": "profile"
        }
    },
    {
        "model": "contenttypes.contenttype",
        "pk": 2,
        "fields": {
            "app_label": "greenzone",
            "model": "contact"
        }
    },
    {
        "model": "contenttypes.contenttype",
        "pk": 3,
        "fields": {
            "app_label": "admin",
            "model": "logentry"
        }
    },
    {
        "model": "contenttypes.contenttype",
        "pk": 4,
        "fields": {
            "app_label": "auth",
            "model": "permission"
        }
    },
    {
        "model": "contenttypes.contenttype",
        "pk": 5,
        "fields": {
            "app_label": "auth",
            "model": "group"
        }
    },
    {
        "model": "contenttypes.contenttype",
        "pk": 6,
        "fields": {
            "app_label": "auth",
            "model": "user"
        }
    },
    {
        "model": "contenttypes.contenttype",
        "pk": 7,
        "fields": {
            "app_label": "contenttypes",
            "model": "contenttype"
        }
    },
    {
        "model": "contenttypes.contenttype",
        "pk": 8,
        "fields": {
            "app_label": "social_django",
            "model": "association"
        }
    },
    {
        "model": "contenttypes.contenttype",
        "pk": 9,
        "fields": {
            "app_label": "social_django",
            "model": "code"
        }
    },
    {
        "model": "contenttypes.contenttype",
        "pk": 10,
        "fields": {
            "app_label": "social_django",
            "model": "nonce"
        }
    },
    {
        "model": "contenttypes.contenttype",
        "pk": 11,
        "fields": {
            "app_label": "social_django",
            "model": "usersocialauth"
        }
    },
    {
        "model": "contenttypes.contenttype",
        "pk": 12,
        "fields": {
            "app_label": "social_django",
            "model": "partial"
        }
    },
    {
        "model": "contenttypes.contenttype",
        "pk": 13,
        "fields": {
            "app_label": "images",
            "model": "image"
        }
    },
    {
        "model": "contenttypes.contenttype",
        "pk": 14,
        "fields": {
            "app_label": "easy_thumbnails",
            "model": "source"
        }
    },
    {
        "model": "contenttypes.contenttype",
        "pk": 15,
        "fields": {
            "app_label": "easy_thumbnails",
            "model": "thumbnail"
        }
    },
    {
        "model": "contenttypes.contenttype",
        "pk": 16,
        "fields": {
            "app_label": "easy_thumbnails",
            "model": "thumbnaildimensions"
        }
    },
    {
        "model": "contenttypes.contenttype",
        "pk": 18,
        "fields": {
            "app_label": "actions",
            "model": "action"
        }
    },
    {
        "model": "contenttypes.contenttype",
        "pk": 19,
        "fields": {
            "app_label": "sessions",
            "model": "session"
        }
    },
    {
        "model": "sessions.session",
        "pk": "9m7eklbvoptd5p1mrt8wocpmgkvryiod",
        "fields": {
            "session_data": ".eJxVjDkOwjAUBe_iGlnfG4kp6XOG6C82DiBHipMKcXeIlALaNzPvpUbc1jJuLS3jJOqijDr9boT8SHUHcsd6mzXPdV0m0ruiD9r0MEt6Xg_376BgK98arM1BmL0jL9ShS9b2BokDd4YzdRI82OjP6CBnoSgEMYFwAHY9gHp_APvQOG0:1qjdXK:MI8bFMyIxQqcAicHISmEX-OZi5ScnHkopeZsejd2SwA",
            "expire_date": "2023-10-06T10:37:26.871Z"
        }
    },
    {
        "model": "sessions.session",
        "pk": "cd2qvig7bac1cdic4igwip5by9j5umaa",
        "fields": {
            "session_data": ".eJxVjDsOwjAQBe_iGlneBNY2JT1niPYXEkC2lE-FuDtESgHtm5n3ch2ty9Cts03dqO7sGnf43ZjkYWUDeqdyq15qWaaR_ab4nc7-WtWel939OxhoHr51NEl9FGzaFslCm0EQEiOCaEASzAaomjipnHLOAThJPAIZRA65d-8P4tM34w:1qiyJR:tNM5LcVFS23_uW8kYnb_qe8H2qPvdagkZIh33rmoyrw",
            "expire_date": "2023-10-04T14:36:21.445Z"
        }
    },
    {
        "model": "sessions.session",
        "pk": "gt9fggfvqqrvkhpaokoex0onabygqt6n",
        "fields": {
            "session_data": ".eJxVjDkOwjAUBe_iGlmxMV4o6XMG62_gALKlOKkQd4dIKaB9M_NeKsO6lLx2mfPE6qyMOvxuCPSQugG-Q701Ta0u84R6U_ROux4by_Oyu38HBXr51gMlF6yVIBwpkQwhJiQ8uRQjeDAuIPKVkhUECRjJWBsNIHn0Xvio3h_4_DjP:1ql9oE:0C1U4q32ZlCZE2DRxm4n4_CVyk7SINmSm1bP7IxP3Bw",
            "expire_date": "2023-10-10T15:17:10.464Z"
        }
    },
    {
        "model": "sessions.session",
        "pk": "h4w319sv2v2ohhtn23tuyzkvuu9v8zpg",
        "fields": {
            "session_data": ".eJxVjDkOwjAUBe_iGlnfG4kp6XOG6C82DiBHipMKcXeIlALaNzPvpUbc1jJuLS3jJOqijDr9boT8SHUHcsd6mzXPdV0m0ruiD9r0MEt6Xg_376BgK98arM1BmL0jL9ShS9b2BokDd4YzdRI82OjP6CBnoSgEMYFwAHY9gHp_APvQOG0:1qk2Lh:mCk9a-JkXPkFm2ICd2uaeHko0kgSmufCm-fzIOPlgCM",
            "expire_date": "2023-10-07T13:07:05.261Z"
        }
    },
    {
        "model": "sessions.session",
        "pk": "qxckvxal4vtq3gujhyj9roxz2cczc6qe",
        "fields": {
            "session_data": ".eJxVjDkOwjAUBe_iGlnfG4kp6XOG6C82DiBHipMKcXeIlALaNzPvpUbc1jJuLS3jJOqijDr9boT8SHUHcsd6mzXPdV0m0ruiD9r0MEt6Xg_376BgK98arM1BmL0jL9ShS9b2BokDd4YzdRI82OjP6CBnoSgEMYFwAHY9gHp_APvQOG0:1qkjOw:Jg6TIwPAojQE8xEV_ZQx-u8KUPiNjhbtmAadVxJj9TM",
            "expire_date": "2023-10-09T11:05:18.877Z"
        }
    },
    {
        "model": "images.image",
        "pk": 3,
        "fields": {
            "user": 1,
            "title": "Banana gun",
            "slug": "banana-gun",
            "url": "http://127.0.0.1:8000/images/banana-gun",
            "image": "images/2023/09/11/Untitled_eijJqVo.jpeg",
            "description": "",
            "created": "2023-09-11",
            "total_likes": 0,
            "users_like": [
                1
            ]
        }
    },
    {
        "model": "images.image",
        "pk": 4,
        "fields": {
            "user": 1,
            "title": "5 000+ darmowych obrazów z kategorii Komputerowe i Komputer - Pixabay",
            "slug": "5-000-darmowych-obrazow-z-kategorii-komputerowe-i-komputer-pixabay",
            "url": "https://cdn.pixabay.com/photo/2012/10/29/15/36/ball-63527_1280.jpg",
            "image": "images/2023/09/14/5-000-darmowych-obrazow-z-kategorii-komputerowe-i-komputer-pixabay.jpg",
            "description": "",
            "created": "2023-09-14",
            "total_likes": 0,
            "users_like": [
                1
            ]
        }
    },
    {
        "model": "images.image",
        "pk": 5,
        "fields": {
            "user": 1,
            "title": "Programming Wallpapers",
            "slug": "programming-wallpapers",
            "url": "https://www.setaswall.com/wp-content/uploads/2017/06/Programming-Wallpapers-30-1280-x-720-768x432.jpg",
            "image": "images/2023/09/14/programming-wallpapers.jpg",
            "description": "",
            "created": "2023-09-14",
            "total_likes": 0,
            "users_like": []
        }
    },
    {
        "model": "images.image",
        "pk": 6,
        "fields": {
            "user": 1,
            "title": "Dog",
            "slug": "dog",
            "url": "http://upload.wikimedia.org/wikipedia/commons/thumb/5/55/Dogue_de_Bordeaux_serious.jpg/220px-Dogue_de_Bordeaux_serious.jpg",
            "image": "images/2023/09/14/dog.jpg",
            "description": "",
            "created": "2023-09-14",
            "total_likes": 0,
            "users_like": [
                1
            ]
        }
    },
    {
        "model": "images.image",
        "pk": 7,
        "fields": {
            "user": 1,
            "title": "Dog – Wikipedia, wolna encyklopedia",
            "slug": "dog-wikipedia-wolna-encyklopedia",
            "url": "http://upload.wikimedia.org/wikipedia/commons/thumb/e/e5/Dogge_Odin.jpg/220px-Dogge_Odin.jpg",
            "image": "images/2023/09/14/dog-wikipedia-wolna-encyklopedia.jpg",
            "description": "",
            "created": "2023-09-14",
            "total_likes": 0,
            "users_like": [
                1
            ]
        }
    },
    {
        "model": "images.image",
        "pk": 8,
        "fields": {
            "user": 1,
            "title": "Obrazy (Jpg) — zdjęcia, wektory i wideo bez tantiem (211,865) | Adobe StockBack ButtonSearch IconFilter Icon",
            "slug": "obrazy-jpg-zdjecia-wektory-i-wideo-bez-tantiem-211865-adobe-stockback-buttonsearch-iconfilter-icon",
            "url": "https://t3.ftcdn.net/jpg/06/33/15/78/360_F_633157816_XPDBIfHA9sjfZ9hVRrVVGu5fkx7obu5S.jpg",
            "image": "images/2023/09/19/obrazy-jpg-zdjecia-wektory-i-wideo-bez-tantiem-211865-adobe-stockback-_Y6rCeTI.jpg",
            "description": "",
            "created": "2023-09-19",
            "total_likes": 0,
            "users_like": [
                1
            ]
        }
    },
    {
        "model": "images.image",
        "pk": 9,
        "fields": {
            "user": 1,
            "title": "Obrazy (Jpg) — zdjęcia, wektory i wideo bez tantiem (211,865) | Adobe StockBack ButtonSearch IconFilter Icon",
            "slug": "obrazy-jpg-zdjecia-wektory-i-wideo-bez-tantiem-211865-adobe-stockback-buttonsearch-iconfilter-icon",
            "url": "https://t3.ftcdn.net/jpg/05/93/80/98/360_F_593809854_Jc9hjwfEIoZ8ScyVvBqlGokcvl2kZnYw.jpg",
            "image": "images/2023/09/19/obrazy-jpg-zdjecia-wektory-i-wideo-bez-tantiem-211865-adobe-stockback-_KcC2BRN.jpg",
            "description": "",
            "created": "2023-09-19",
            "total_likes": 0,
            "users_like": [
                1,
                2
            ]
        }
    },
    {
        "model": "images.image",
        "pk": 10,
        "fields": {
            "user": 1,
            "title": "Obrazy (Jpg) — zdjęcia, wektory i wideo bez tantiem (211,865) | Adobe StockBack ButtonSearch IconFilter Icon",
            "slug": "obrazy-jpg-zdjecia-wektory-i-wideo-bez-tantiem-211865-adobe-stockback-buttonsearch-iconfilter-icon",
            "url": "https://t4.ftcdn.net/jpg/05/66/30/11/360_F_566301155_o046TXBPQWqrw6mkjFrEgg6iGbXztYSW.jpg",
            "image": "images/2023/09/19/obrazy-jpg-zdjecia-wektory-i-wideo-bez-tantiem-211865-adobe-stockback-_jaR4y88.jpg",
            "description": "",
            "created": "2023-09-19",
            "total_likes": 0,
            "users_like": [
                1
            ]
        }
    },
    {
        "model": "images.image",
        "pk": 11,
        "fields": {
            "user": 1,
            "title": "Obrazy (Jpg) — zdjęcia, wektory i wideo bez tantiem (211,865) | Adobe StockBack ButtonSearch IconFilter Icon",
            "slug": "obrazy-jpg-zdjecia-wektory-i-wideo-bez-tantiem-211865-adobe-stockback-buttonsearch-iconfilter-icon",
            "url": "https://t3.ftcdn.net/jpg/06/23/60/16/360_F_623601693_yA96sA7eJGYxj0uclOtgWUmi1QoezkvM.jpg",
            "image": "images/2023/09/19/obrazy-jpg-zdjecia-wektory-i-wideo-bez-tantiem-211865-adobe-stockback-_c1Gnn5z.jpg",
            "description": "",
            "created": "2023-09-19",
            "total_likes": 0,
            "users_like": [
                1
            ]
        }
    },
    {
        "model": "images.image",
        "pk": 12,
        "fields": {
            "user": 1,
            "title": "Obrazy (Jpg) — zdjęcia, wektory i wideo bez tantiem (211,865) | Adobe StockBack ButtonSearch IconFilter Icon",
            "slug": "obrazy-jpg-zdjecia-wektory-i-wideo-bez-tantiem-211865-adobe-stockback-buttonsearch-iconfilter-icon",
            "url": "https://t4.ftcdn.net/jpg/05/69/51/49/360_F_569514916_4YTVwVv1luVEdJfxH7yJpklHwXVQCosz.jpg",
            "image": "images/2023/09/19/obrazy-jpg-zdjecia-wektory-i-wideo-bez-tantiem-211865-adobe-stockback-_12hj3XQ.jpg",
            "description": "",
            "created": "2023-09-19",
            "total_likes": 0,
            "users_like": [
                1
            ]
        }
    },
    {
        "model": "images.image",
        "pk": 13,
        "fields": {
            "user": 1,
            "title": "Obrazy (Jpg) — zdjęcia, wektory i wideo bez tantiem (211,865) | Adobe StockBack ButtonSearch IconFilter Icon",
            "slug": "obrazy-jpg-zdjecia-wektory-i-wideo-bez-tantiem-211865-adobe-stockback-buttonsearch-iconfilter-icon",
            "url": "https://t4.ftcdn.net/jpg/03/27/78/15/360_F_327781540_WRHnlVB9x5qRksNlseKRUCol7MmgS9xo.jpg",
            "image": "images/2023/09/19/obrazy-jpg-zdjecia-wektory-i-wideo-bez-tantiem-211865-adobe-stockback-_ZYnzIyO.jpg",
            "description": "",
            "created": "2023-09-19",
            "total_likes": 0,
            "users_like": [
                1
            ]
        }
    },
    {
        "model": "images.image",
        "pk": 14,
        "fields": {
            "user": 1,
            "title": "Obrazy (Jpg) — zdjęcia, wektory i wideo bez tantiem (211,865) | Adobe StockBack ButtonSearch IconFilter Icon",
            "slug": "obrazy-jpg-zdjecia-wektory-i-wideo-bez-tantiem-211865-adobe-stockback-buttonsearch-iconfilter-icon",
            "url": "https://t3.ftcdn.net/jpg/02/92/18/34/360_F_292183420_RrxOWO9hg1H4ZTS6P39sXKJWKMS5PzOg.jpg",
            "image": "images/2023/09/19/obrazy-jpg-zdjecia-wektory-i-wideo-bez-tantiem-211865-adobe-stockback-_SjXxXXL.jpg",
            "description": "",
            "created": "2023-09-19",
            "total_likes": 0,
            "users_like": []
        }
    },
    {
        "model": "images.image",
        "pk": 15,
        "fields": {
            "user": 1,
            "title": "Stockowe obrazy, zdjęcia, grafiki wektorowe, filmy oraz muzyka | Shutterstock",
            "slug": "stockowe-obrazy-zdjecia-grafiki-wektorowe-filmy-oraz-muzyka-shutterstock",
            "url": "https://image.shutterstock.com/image-photo/diverse-group-students-young-man-260nw-2249781519.jpg",
            "image": "images/2023/09/23/stockowe-obrazy-zdjecia-grafiki-wektorowe-filmy-oraz-muzyka-shutterstock.jpg",
            "description": "",
            "created": "2023-09-23",
            "total_likes": 0,
            "users_like": [
                1
            ]
        }
    },
    {
        "model": "images.image",
        "pk": 16,
        "fields": {
            "user": 1,
            "title": "Stockowe obrazy, zdjęcia, grafiki wektorowe, filmy oraz muzyka | Shutterstock",
            "slug": "stockowe-obrazy-zdjecia-grafiki-wektorowe-filmy-oraz-muzyka-shutterstock",
            "url": "https://image.shutterstock.com/image-photo/diverse-group-students-young-man-260nw-2249781519.jpg",
            "image": "images/2023/09/23/stockowe-obrazy-zdjecia-grafiki-wektorowe-filmy-oraz-muzyka-shuttersto_ZGMPb1O.jpg",
            "description": "",
            "created": "2023-09-23",
            "total_likes": 0,
            "users_like": []
        }
    },
    {
        "model": "actions.action",
        "pk": 1,
        "fields": {
            "user": 1,
            "verb": "Added image",
            "target_ct": 13,
            "target_id": 16,
            "created": "2023-09-23T12:55:25.521Z"
        }
    },
    {
        "model": "actions.action",
        "pk": 2,
        "fields": {
            "user": 1,
            "verb": "follow",
            "target_ct": 4,
            "target_id": 14,
            "created": "2023-09-23T13:05:42.460Z"
        }
    },
    {
        "model": "actions.action",
        "pk": 3,
        "fields": {
            "user": 2,
            "verb": "follow",
            "target_ct": 4,
            "target_id": 1,
            "created": "2023-09-23T13:06:19.989Z"
        }
    },
    {
        "model": "actions.action",
        "pk": 4,
        "fields": {
            "user": 2,
            "verb": "follow",
            "target_ct": 4,
            "target_id": 2,
            "created": "2023-09-23T13:06:23.458Z"
        }
    },
    {
        "model": "actions.action",
        "pk": 5,
        "fields": {
            "user": 2,
            "verb": "follow",
            "target_ct": 4,
            "target_id": 13,
            "created": "2023-09-23T13:06:25.852Z"
        }
    },
    {
        "model": "actions.action",
        "pk": 6,
        "fields": {
            "user": 2,
            "verb": "follow",
            "target_ct": 4,
            "target_id": 14,
            "created": "2023-09-23T13:06:28.764Z"
        }
    },
    {
        "model": "actions.action",
        "pk": 7,
        "fields": {
            "user": 1,
            "verb": "follow",
            "target_ct": 4,
            "target_id": 2,
            "created": "2023-09-23T13:07:48.167Z"
        }
    },
    {
        "model": "actions.action",
        "pk": 8,
        "fields": {
            "user": 1,
            "verb": "follow",
            "target_ct": 4,
            "target_id": 2,
            "created": "2023-09-23T13:11:11.081Z"
        }
    },
    {
        "model": "actions.action",
        "pk": 9,
        "fields": {
            "user": 1,
            "verb": "likes",
            "target_ct": 13,
            "target_id": 6,
            "created": "2023-09-25T12:04:31.515Z"
        }
    },
    {
        "model": "actions.action",
        "pk": 10,
        "fields": {
            "user": 1,
            "verb": "likes",
            "target_ct": 13,
            "target_id": 6,
            "created": "2023-09-25T12:05:59.523Z"
        }
    },
    {
        "model": "actions.action",
        "pk": 11,
        "fields": {
            "user": 1,
            "verb": "likes",
            "target_ct": 13,
            "target_id": 3,
            "created": "2023-09-25T12:09:48.826Z"
        }
    },
    {
        "model": "actions.action",
        "pk": 12,
        "fields": {
            "user": 1,
            "verb": "likes",
            "target_ct": 13,
            "target_id": 3,
            "created": "2023-09-25T12:12:55.105Z"
        }
    },
    {
        "model": "actions.action",
        "pk": 13,
        "fields": {
            "user": 1,
            "verb": "likes",
            "target_ct": 13,
            "target_id": 10,
            "created": "2023-09-25T12:13:21.763Z"
        }
    },
    {
        "model": "actions.action",
        "pk": 14,
        "fields": {
            "user": 1,
            "verb": "likes",
            "target_ct": 13,
            "target_id": 9,
            "created": "2023-09-25T12:14:45.864Z"
        }
    },
    {
        "model": "actions.action",
        "pk": 15,
        "fields": {
            "user": 1,
            "verb": "likes",
            "target_ct": 13,
            "target_id": 3,
            "created": "2023-09-25T12:26:42.077Z"
        }
    },
    {
        "model": "actions.action",
        "pk": 16,
        "fields": {
            "user": 1,
            "verb": "likes",
            "target_ct": 13,
            "target_id": 4,
            "created": "2023-09-25T12:29:37.364Z"
        }
    },
    {
        "model": "actions.action",
        "pk": 17,
        "fields": {
            "user": 1,
            "verb": "likes",
            "target_ct": 13,
            "target_id": 8,
            "created": "2023-09-25T12:29:46.281Z"
        }
    },
    {
        "model": "actions.action",
        "pk": 18,
        "fields": {
            "user": 1,
            "verb": "likes",
            "target_ct": 13,
            "target_id": 15,
            "created": "2023-09-25T12:31:33.091Z"
        }
    },
    {
        "model": "actions.action",
        "pk": 19,
        "fields": {
            "user": 1,
            "verb": "likes",
            "target_ct": 13,
            "target_id": 13,
            "created": "2023-09-25T12:32:07.940Z"
        }
    },
    {
        "model": "actions.action",
        "pk": 20,
        "fields": {
            "user": 1,
            "verb": "likes",
            "target_ct": 13,
            "target_id": 11,
            "created": "2023-09-25T12:32:52.441Z"
        }
    },
    {
        "model": "actions.action",
        "pk": 21,
        "fields": {
            "user": 1,
            "verb": "likes",
            "target_ct": 13,
            "target_id": 4,
            "created": "2023-09-25T12:55:21.438Z"
        }
    },
    {
        "model": "easy_thumbnails.source",
        "pk": 1,
        "fields": {
            "storage_hash": "0d677af76ca5bf5575d614e04932c3a4",
            "name": "images/2023/09/14/dog-wikipedia-wolna-encyklopedia.jpg",
            "modified": "2023-09-19T16:13:07.206Z"
        }
    },
    {
        "model": "easy_thumbnails.source",
        "pk": 2,
        "fields": {
            "storage_hash": "0d677af76ca5bf5575d614e04932c3a4",
            "name": "images/2023/09/11/Untitled_eijJqVo.jpeg",
            "modified": "2023-09-23T12:46:50.837Z"
        }
    },
    {
        "model": "easy_thumbnails.source",
        "pk": 3,
        "fields": {
            "storage_hash": "0d677af76ca5bf5575d614e04932c3a4",
            "name": "images/2023/09/14/5-000-darmowych-obrazow-z-kategorii-komputerowe-i-komputer-pixabay.jpg",
            "modified": "2023-09-20T19:34:57.418Z"
        }
    },
    {
        "model": "easy_thumbnails.source",
        "pk": 4,
        "fields": {
            "storage_hash": "0d677af76ca5bf5575d614e04932c3a4",
            "name": "images/2023/09/14/programming-wallpapers.jpg",
            "modified": "2023-09-19T16:13:06.632Z"
        }
    },
    {
        "model": "easy_thumbnails.source",
        "pk": 5,
        "fields": {
            "storage_hash": "0d677af76ca5bf5575d614e04932c3a4",
            "name": "images/2023/09/14/dog.jpg",
            "modified": "2023-09-25T11:05:28.843Z"
        }
    },
    {
        "model": "easy_thumbnails.source",
        "pk": 6,
        "fields": {
            "storage_hash": "0d677af76ca5bf5575d614e04932c3a4",
            "name": "images/2023/09/19/obrazy-jpg-zdjecia-wektory-i-wideo-bez-tantiem-211865-adobe-stockback-_Y6rCeTI.jpg",
            "modified": "2023-09-20T13:34:24.945Z"
        }
    },
    {
        "model": "easy_thumbnails.source",
        "pk": 7,
        "fields": {
            "storage_hash": "0d677af76ca5bf5575d614e04932c3a4",
            "name": "images/2023/09/19/obrazy-jpg-zdjecia-wektory-i-wideo-bez-tantiem-211865-adobe-stockback-_KcC2BRN.jpg",
            "modified": "2023-09-20T19:28:22.937Z"
        }
    },
    {
        "model": "easy_thumbnails.source",
        "pk": 8,
        "fields": {
            "storage_hash": "0d677af76ca5bf5575d614e04932c3a4",
            "name": "images/2023/09/19/obrazy-jpg-zdjecia-wektory-i-wideo-bez-tantiem-211865-adobe-stockback-_jaR4y88.jpg",
            "modified": "2023-09-20T13:34:25.547Z"
        }
    },
    {
        "model": "easy_thumbnails.source",
        "pk": 9,
        "fields": {
            "storage_hash": "0d677af76ca5bf5575d614e04932c3a4",
            "name": "images/2023/09/19/obrazy-jpg-zdjecia-wektory-i-wideo-bez-tantiem-211865-adobe-stockback-_c1Gnn5z.jpg",
            "modified": "2023-09-19T16:15:54.111Z"
        }
    },
    {
        "model": "easy_thumbnails.source",
        "pk": 10,
        "fields": {
            "storage_hash": "0d677af76ca5bf5575d614e04932c3a4",
            "name": "images/2023/09/19/obrazy-jpg-zdjecia-wektory-i-wideo-bez-tantiem-211865-adobe-stockback-_12hj3XQ.jpg",
            "modified": "2023-09-19T16:15:54.386Z"
        }
    },
    {
        "model": "easy_thumbnails.source",
        "pk": 11,
        "fields": {
            "storage_hash": "0d677af76ca5bf5575d614e04932c3a4",
            "name": "images/2023/09/19/obrazy-jpg-zdjecia-wektory-i-wideo-bez-tantiem-211865-adobe-stockback-_ZYnzIyO.jpg",
            "modified": "2023-09-19T16:15:54.655Z"
        }
    },
    {
        "model": "easy_thumbnails.source",
        "pk": 12,
        "fields": {
            "storage_hash": "0d677af76ca5bf5575d614e04932c3a4",
            "name": "images/2023/09/19/obrazy-jpg-zdjecia-wektory-i-wideo-bez-tantiem-211865-adobe-stockback-_SjXxXXL.jpg",
            "modified": "2023-09-19T16:15:54.912Z"
        }
    },
    {
        "model": "easy_thumbnails.source",
        "pk": 13,
        "fields": {
            "storage_hash": "0d677af76ca5bf5575d614e04932c3a4",
            "name": "users/2023/09/20/Untitled.jpeg",
            "modified": "2023-09-23T13:07:34.576Z"
        }
    },
    {
        "model": "easy_thumbnails.source",
        "pk": 14,
        "fields": {
            "storage_hash": "0d677af76ca5bf5575d614e04932c3a4",
            "name": "users/2023/09/22/output.png",
            "modified": "2023-09-23T13:06:00.544Z"
        }
    },
    {
        "model": "easy_thumbnails.source",
        "pk": 15,
        "fields": {
            "storage_hash": "0d677af76ca5bf5575d614e04932c3a4",
            "name": "users/2023/09/22/a.png",
            "modified": "2023-09-22T10:41:03.346Z"
        }
    },
    {
        "model": "easy_thumbnails.source",
        "pk": 16,
        "fields": {
            "storage_hash": "0d677af76ca5bf5575d614e04932c3a4",
            "name": "images/2023/09/23/stockowe-obrazy-zdjecia-grafiki-wektorowe-filmy-oraz-muzyka-shuttersto_ZGMPb1O.jpg",
            "modified": "2023-09-23T13:06:00.784Z"
        }
    },
    {
        "model": "easy_thumbnails.source",
        "pk": 17,
        "fields": {
            "storage_hash": "0d677af76ca5bf5575d614e04932c3a4",
            "name": "images/2023/09/23/stockowe-obrazy-zdjecia-grafiki-wektorowe-filmy-oraz-muzyka-shutterstock.jpg",
            "modified": "2023-09-25T12:31:31.084Z"
        }
    },
    {
        "model": "easy_thumbnails.thumbnail",
        "pk": 1,
        "fields": {
            "storage_hash": "d26becbf46ac48eda79c7a39a13a02dd",
            "name": "images/2023/09/14/dog-wikipedia-wolna-encyklopedia.jpg.300x0_q85.jpg",
            "modified": "2023-09-14T10:08:45.036Z",
            "source": 1
        }
    },
    {
        "model": "easy_thumbnails.thumbnail",
        "pk": 2,
        "fields": {
            "storage_hash": "d26becbf46ac48eda79c7a39a13a02dd",
            "name": "images/2023/09/14/dog-wikipedia-wolna-encyklopedia.jpg.300x0_q100.jpg",
            "modified": "2023-09-14T10:17:28.951Z",
            "source": 1
        }
    },
    {
        "model": "easy_thumbnails.thumbnail",
        "pk": 3,
        "fields": {
            "storage_hash": "d26becbf46ac48eda79c7a39a13a02dd",
            "name": "images/2023/09/11/Untitled_eijJqVo.jpeg.300x300_q85_crop-smart.jpg",
            "modified": "2023-09-19T16:13:06.137Z",
            "source": 2
        }
    },
    {
        "model": "easy_thumbnails.thumbnail",
        "pk": 4,
        "fields": {
            "storage_hash": "d26becbf46ac48eda79c7a39a13a02dd",
            "name": "images/2023/09/14/5-000-darmowych-obrazow-z-kategorii-komputerowe-i-komputer-pixabay.jpg.300x300_q85_crop-smart.jpg",
            "modified": "2023-09-19T16:13:06.471Z",
            "source": 3
        }
    },
    {
        "model": "easy_thumbnails.thumbnail",
        "pk": 5,
        "fields": {
            "storage_hash": "d26becbf46ac48eda79c7a39a13a02dd",
            "name": "images/2023/09/14/programming-wallpapers.jpg.300x300_q85_crop-smart.jpg",
            "modified": "2023-09-19T16:13:06.762Z",
            "source": 4
        }
    },
    {
        "model": "easy_thumbnails.thumbnail",
        "pk": 6,
        "fields": {
            "storage_hash": "d26becbf46ac48eda79c7a39a13a02dd",
            "name": "images/2023/09/14/dog.jpg.300x300_q85_crop-smart.jpg",
            "modified": "2023-09-19T16:13:07.029Z",
            "source": 5
        }
    },
    {
        "model": "easy_thumbnails.thumbnail",
        "pk": 7,
        "fields": {
            "storage_hash": "d26becbf46ac48eda79c7a39a13a02dd",
            "name": "images/2023/09/14/dog-wikipedia-wolna-encyklopedia.jpg.300x300_q85_crop-smart.jpg",
            "modified": "2023-09-19T16:13:07.513Z",
            "source": 1
        }
    },
    {
        "model": "easy_thumbnails.thumbnail",
        "pk": 8,
        "fields": {
            "storage_hash": "d26becbf46ac48eda79c7a39a13a02dd",
            "name": "images/2023/09/19/obrazy-jpg-zdjecia-wektory-i-wideo-bez-tantiem-211865-adobe-stockback-_Y6rCeTI.jpg.300x0_q100.jpg",
            "modified": "2023-09-19T16:14:58.855Z",
            "source": 6
        }
    },
    {
        "model": "easy_thumbnails.thumbnail",
        "pk": 9,
        "fields": {
            "storage_hash": "d26becbf46ac48eda79c7a39a13a02dd",
            "name": "images/2023/09/19/obrazy-jpg-zdjecia-wektory-i-wideo-bez-tantiem-211865-adobe-stockback-_KcC2BRN.jpg.300x0_q100.jpg",
            "modified": "2023-09-19T16:15:06.815Z",
            "source": 7
        }
    },
    {
        "model": "easy_thumbnails.thumbnail",
        "pk": 10,
        "fields": {
            "storage_hash": "d26becbf46ac48eda79c7a39a13a02dd",
            "name": "images/2023/09/19/obrazy-jpg-zdjecia-wektory-i-wideo-bez-tantiem-211865-adobe-stockback-_jaR4y88.jpg.300x0_q100.jpg",
            "modified": "2023-09-19T16:15:12.242Z",
            "source": 8
        }
    },
    {
        "model": "easy_thumbnails.thumbnail",
        "pk": 11,
        "fields": {
            "storage_hash": "d26becbf46ac48eda79c7a39a13a02dd",
            "name": "images/2023/09/19/obrazy-jpg-zdjecia-wektory-i-wideo-bez-tantiem-211865-adobe-stockback-_c1Gnn5z.jpg.300x0_q100.jpg",
            "modified": "2023-09-19T16:15:19.719Z",
            "source": 9
        }
    },
    {
        "model": "easy_thumbnails.thumbnail",
        "pk": 12,
        "fields": {
            "storage_hash": "d26becbf46ac48eda79c7a39a13a02dd",
            "name": "images/2023/09/19/obrazy-jpg-zdjecia-wektory-i-wideo-bez-tantiem-211865-adobe-stockback-_12hj3XQ.jpg.300x0_q100.jpg",
            "modified": "2023-09-19T16:15:25.988Z",
            "source": 10
        }
    },
    {
        "model": "easy_thumbnails.thumbnail",
        "pk": 13,
        "fields": {
            "storage_hash": "d26becbf46ac48eda79c7a39a13a02dd",
            "name": "images/2023/09/19/obrazy-jpg-zdjecia-wektory-i-wideo-bez-tantiem-211865-adobe-stockback-_ZYnzIyO.jpg.300x0_q100.jpg",
            "modified": "2023-09-19T16:15:31.123Z",
            "source": 11
        }
    },
    {
        "model": "easy_thumbnails.thumbnail",
        "pk": 14,
        "fields": {
            "storage_hash": "d26becbf46ac48eda79c7a39a13a02dd",
            "name": "images/2023/09/19/obrazy-jpg-zdjecia-wektory-i-wideo-bez-tantiem-211865-adobe-stockback-_SjXxXXL.jpg.300x0_q100.jpg",
            "modified": "2023-09-19T16:15:39.175Z",
            "source": 12
        }
    },
    {
        "model": "easy_thumbnails.thumbnail",
        "pk": 15,
        "fields": {
            "storage_hash": "d26becbf46ac48eda79c7a39a13a02dd",
            "name": "images/2023/09/19/obrazy-jpg-zdjecia-wektory-i-wideo-bez-tantiem-211865-adobe-stockback-_c1Gnn5z.jpg.300x300_q85_crop-smart.jpg",
            "modified": "2023-09-19T16:15:54.230Z",
            "source": 9
        }
    },
    {
        "model": "easy_thumbnails.thumbnail",
        "pk": 16,
        "fields": {
            "storage_hash": "d26becbf46ac48eda79c7a39a13a02dd",
            "name": "images/2023/09/19/obrazy-jpg-zdjecia-wektory-i-wideo-bez-tantiem-211865-adobe-stockback-_12hj3XQ.jpg.300x300_q85_crop-smart.jpg",
            "modified": "2023-09-19T16:15:54.505Z",
            "source": 10
        }
    },
    {
        "model": "easy_thumbnails.thumbnail",
        "pk": 17,
        "fields": {
            "storage_hash": "d26becbf46ac48eda79c7a39a13a02dd",
            "name": "images/2023/09/19/obrazy-jpg-zdjecia-wektory-i-wideo-bez-tantiem-211865-adobe-stockback-_ZYnzIyO.jpg.300x300_q85_crop-smart.jpg",
            "modified": "2023-09-19T16:15:54.780Z",
            "source": 11
        }
    },
    {
        "model": "easy_thumbnails.thumbnail",
        "pk": 18,
        "fields": {
            "storage_hash": "d26becbf46ac48eda79c7a39a13a02dd",
            "name": "images/2023/09/19/obrazy-jpg-zdjecia-wektory-i-wideo-bez-tantiem-211865-adobe-stockback-_SjXxXXL.jpg.300x300_q85_crop-smart.jpg",
            "modified": "2023-09-19T16:15:55.030Z",
            "source": 12
        }
    },
    {
        "model": "easy_thumbnails.thumbnail",
        "pk": 19,
        "fields": {
            "storage_hash": "d26becbf46ac48eda79c7a39a13a02dd",
            "name": "images/2023/09/19/obrazy-jpg-zdjecia-wektory-i-wideo-bez-tantiem-211865-adobe-stockback-_Y6rCeTI.jpg.300x300_q85_crop-smart.jpg",
            "modified": "2023-09-20T13:34:25.096Z",
            "source": 6
        }
    },
    {
        "model": "easy_thumbnails.thumbnail",
        "pk": 20,
        "fields": {
            "storage_hash": "d26becbf46ac48eda79c7a39a13a02dd",
            "name": "images/2023/09/19/obrazy-jpg-zdjecia-wektory-i-wideo-bez-tantiem-211865-adobe-stockback-_KcC2BRN.jpg.300x300_q85_crop-smart.jpg",
            "modified": "2023-09-20T13:34:25.379Z",
            "source": 7
        }
    },
    {
        "model": "easy_thumbnails.thumbnail",
        "pk": 21,
        "fields": {
            "storage_hash": "d26becbf46ac48eda79c7a39a13a02dd",
            "name": "images/2023/09/19/obrazy-jpg-zdjecia-wektory-i-wideo-bez-tantiem-211865-adobe-stockback-_jaR4y88.jpg.300x300_q85_crop-smart.jpg",
            "modified": "2023-09-20T13:34:25.729Z",
            "source": 8
        }
    },
    {
        "model": "easy_thumbnails.thumbnail",
        "pk": 22,
        "fields": {
            "storage_hash": "d26becbf46ac48eda79c7a39a13a02dd",
            "name": "images/2023/09/19/obrazy-jpg-zdjecia-wektory-i-wideo-bez-tantiem-211865-adobe-stockback-_KcC2BRN.jpg.300x0_q85.jpg",
            "modified": "2023-09-20T19:28:23.096Z",
            "source": 7
        }
    },
    {
        "model": "easy_thumbnails.thumbnail",
        "pk": 23,
        "fields": {
            "storage_hash": "d26becbf46ac48eda79c7a39a13a02dd",
            "name": "images/2023/09/14/5-000-darmowych-obrazow-z-kategorii-komputerowe-i-komputer-pixabay.jpg.300x0_q100.jpg",
            "modified": "2023-09-20T19:33:21.193Z",
            "source": 3
        }
    },
    {
        "model": "easy_thumbnails.thumbnail",
        "pk": 24,
        "fields": {
            "storage_hash": "d26becbf46ac48eda79c7a39a13a02dd",
            "name": "images/2023/09/14/5-000-darmowych-obrazow-z-kategorii-komputerowe-i-komputer-pixabay.jpg.300x0_q85.jpg",
            "modified": "2023-09-20T19:34:57.496Z",
            "source": 3
        }
    },
    {
        "model": "easy_thumbnails.thumbnail",
        "pk": 25,
        "fields": {
            "storage_hash": "d26becbf46ac48eda79c7a39a13a02dd",
            "name": "users/2023/09/20/Untitled.jpeg.180x180_q85.jpg",
            "modified": "2023-09-22T10:19:28.763Z",
            "source": 13
        }
    },
    {
        "model": "easy_thumbnails.thumbnail",
        "pk": 26,
        "fields": {
            "storage_hash": "d26becbf46ac48eda79c7a39a13a02dd",
            "name": "users/2023/09/22/output.png.180x180_q85.jpg",
            "modified": "2023-09-22T10:40:22.305Z",
            "source": 14
        }
    },
    {
        "model": "easy_thumbnails.thumbnail",
        "pk": 27,
        "fields": {
            "storage_hash": "d26becbf46ac48eda79c7a39a13a02dd",
            "name": "users/2023/09/22/a.png.180x180_q85.jpg",
            "modified": "2023-09-22T10:41:03.435Z",
            "source": 15
        }
    },
    {
        "model": "easy_thumbnails.thumbnail",
        "pk": 28,
        "fields": {
            "storage_hash": "d26becbf46ac48eda79c7a39a13a02dd",
            "name": "images/2023/09/11/Untitled_eijJqVo.jpeg.300x0_q100.jpg",
            "modified": "2023-09-23T12:46:50.931Z",
            "source": 2
        }
    },
    {
        "model": "easy_thumbnails.thumbnail",
        "pk": 29,
        "fields": {
            "storage_hash": "d26becbf46ac48eda79c7a39a13a02dd",
            "name": "images/2023/09/23/stockowe-obrazy-zdjecia-grafiki-wektorowe-filmy-oraz-muzyka-shuttersto_ZGMPb1O.jpg.300x0_q100.jpg",
            "modified": "2023-09-23T12:55:25.893Z",
            "source": 16
        }
    },
    {
        "model": "easy_thumbnails.thumbnail",
        "pk": 30,
        "fields": {
            "storage_hash": "d26becbf46ac48eda79c7a39a13a02dd",
            "name": "images/2023/09/23/stockowe-obrazy-zdjecia-grafiki-wektorowe-filmy-oraz-muzyka-shutterstock.jpg.300x300_q85_crop-smart.jpg",
            "modified": "2023-09-23T13:05:35.397Z",
            "source": 17
        }
    },
    {
        "model": "easy_thumbnails.thumbnail",
        "pk": 31,
        "fields": {
            "storage_hash": "d26becbf46ac48eda79c7a39a13a02dd",
            "name": "images/2023/09/23/stockowe-obrazy-zdjecia-grafiki-wektorowe-filmy-oraz-muzyka-shuttersto_ZGMPb1O.jpg.300x300_q85_crop-smart.jpg",
            "modified": "2023-09-23T13:05:35.630Z",
            "source": 16
        }
    },
    {
        "model": "easy_thumbnails.thumbnail",
        "pk": 32,
        "fields": {
            "storage_hash": "d26becbf46ac48eda79c7a39a13a02dd",
            "name": "users/2023/09/22/output.png.80x80_q85_crop-100%.jpg",
            "modified": "2023-09-23T13:06:00.679Z",
            "source": 14
        }
    },
    {
        "model": "easy_thumbnails.thumbnail",
        "pk": 33,
        "fields": {
            "storage_hash": "d26becbf46ac48eda79c7a39a13a02dd",
            "name": "images/2023/09/23/stockowe-obrazy-zdjecia-grafiki-wektorowe-filmy-oraz-muzyka-shuttersto_ZGMPb1O.jpg.80x80_q85_crop-100%.jpg",
            "modified": "2023-09-23T13:06:00.896Z",
            "source": 16
        }
    },
    {
        "model": "easy_thumbnails.thumbnail",
        "pk": 34,
        "fields": {
            "storage_hash": "d26becbf46ac48eda79c7a39a13a02dd",
            "name": "users/2023/09/20/Untitled.jpeg.80x80_q85_crop-100%.jpg",
            "modified": "2023-09-23T13:07:34.774Z",
            "source": 13
        }
    },
    {
        "model": "easy_thumbnails.thumbnail",
        "pk": 35,
        "fields": {
            "storage_hash": "d26becbf46ac48eda79c7a39a13a02dd",
            "name": "images/2023/09/14/dog.jpg.300x0_q100.jpg",
            "modified": "2023-09-25T11:05:28.904Z",
            "source": 5
        }
    },
    {
        "model": "easy_thumbnails.thumbnail",
        "pk": 36,
        "fields": {
            "storage_hash": "d26becbf46ac48eda79c7a39a13a02dd",
            "name": "images/2023/09/23/stockowe-obrazy-zdjecia-grafiki-wektorowe-filmy-oraz-muzyka-shutterstock.jpg.300x0_q100.jpg",
            "modified": "2023-09-25T12:31:31.178Z",
            "source": 17
        }
    }
]